name,url
llm_engineering,https://github.com/RakibulRanak/llm_engineering
rakibulranak.github.io,https://github.com/RakibulRanak/rakibulranak.github.io
linkedIn_auto_jobs_applier_with_AI,https://github.com/RakibulRanak/linkedIn_auto_jobs_applier_with_AI
Top-Data-Science-AI-Book-Collection,https://github.com/RakibulRanak/Top-Data-Science-AI-Book-Collection
RakibulRanak,https://github.com/RakibulRanak/RakibulRanak
system-design-bangla,https://github.com/RakibulRanak/system-design-bangla
system-design-primer,https://github.com/RakibulRanak/system-design-primer
unilm,https://github.com/RakibulRanak/unilm
leetcode,https://github.com/RakibulRanak/leetcode
StoryBook-Frontend,https://github.com/RakibulRanak/StoryBook-Frontend
StoryHub-Backend,https://github.com/RakibulRanak/StoryHub-Backend
StoryHub-Frontend,https://github.com/RakibulRanak/StoryHub-Frontend
StoryBook-Backend,https://github.com/RakibulRanak/StoryBook-Backend
starter-express-api,https://github.com/RakibulRanak/starter-express-api
book-project,https://github.com/RakibulRanak/book-project
Learn-React-with-TypeScript-3,https://github.com/RakibulRanak/Learn-React-with-TypeScript-3
VSCode_CP_Config,https://github.com/RakibulRanak/VSCode_CP_Config
nodepress-read1,https://github.com/RakibulRanak/nodepress-read1
My-CP-HandBook,https://github.com/RakibulRanak/My-CP-HandBook
CRUD-app-mern-stack-rtk-ts,https://github.com/RakibulRanak/CRUD-app-mern-stack-rtk-ts
Data-Structures-and-Algorithms-Notebook-Bangla,https://github.com/RakibulRanak/Data-Structures-and-Algorithms-Notebook-Bangla
educative.io_courses,https://github.com/RakibulRanak/educative.io_courses
nestjs-oidc-provider,https://github.com/RakibulRanak/nestjs-oidc-provider
DSA-Bootcamp-Java,https://github.com/RakibulRanak/DSA-Bootcamp-Java
markdown-badges,https://github.com/RakibulRanak/markdown-badges
NLP,https://github.com/RakibulRanak/NLP
Too-Good-To-Go,https://github.com/RakibulRanak/Too-Good-To-Go
refresh_token_rotation,https://github.com/RakibulRanak/refresh_token_rotation
SlackBook,https://github.com/RakibulRanak/SlackBook
think-in-a-react-way,https://github.com/RakibulRanak/think-in-a-react-way
JavaGameProject-8-Ball,https://github.com/RakibulRanak/JavaGameProject-8-Ball
JWT-Access-Refresh-Tokens,https://github.com/RakibulRanak/JWT-Access-Refresh-Tokens
react-axios-typescript-example,https://github.com/RakibulRanak/react-axios-typescript-example
Testing-Express-REST-API,https://github.com/RakibulRanak/Testing-Express-REST-API
express-rest-boilerplate,https://github.com/RakibulRanak/express-rest-boilerplate
node-express-boilerplate,https://github.com/RakibulRanak/node-express-boilerplate
coursera-deep-learning-specialization,https://github.com/RakibulRanak/coursera-deep-learning-specialization
ProfileHub,https://github.com/RakibulRanak/ProfileHub
react-testing-finished,https://github.com/RakibulRanak/react-testing-finished
FileHub,https://github.com/RakibulRanak/FileHub
layout_parser_implementation,https://github.com/RakibulRanak/layout_parser_implementation
ML,https://github.com/RakibulRanak/ML
handson-ml2,https://github.com/RakibulRanak/handson-ml2
mltraining,https://github.com/RakibulRanak/mltraining
GolangWeb,https://github.com/RakibulRanak/GolangWeb
My-Linux-Configuration,https://github.com/RakibulRanak/My-Linux-Configuration
TensorFlow-Tutorials,https://github.com/RakibulRanak/TensorFlow-Tutorials
TensorFlow2,https://github.com/RakibulRanak/TensorFlow2
awesome-public-datasets,https://github.com/RakibulRanak/awesome-public-datasets
Data-Structure-Algorithms,https://github.com/RakibulRanak/Data-Structure-Algorithms
SWE-OJ,https://github.com/RakibulRanak/SWE-OJ
Solved-ACM-problems,https://github.com/RakibulRanak/Solved-ACM-problems
Graph-Theory,https://github.com/RakibulRanak/Graph-Theory
CodeHub-Backend,https://github.com/RakibulRanak/CodeHub-Backend
33-js-concepts,https://github.com/RakibulRanak/33-js-concepts
Deep-Learning,https://github.com/RakibulRanak/Deep-Learning
Complete-Python-3-Bootcamp,https://github.com/RakibulRanak/Complete-Python-3-Bootcamp
Sublime-Text,https://github.com/RakibulRanak/Sublime-Text
Javascript,https://github.com/RakibulRanak/Javascript
machine-learning-resources,https://github.com/RakibulRanak/machine-learning-resources
Numerical-Lab,https://github.com/RakibulRanak/Numerical-Lab
SocketMessenger,https://github.com/RakibulRanak/SocketMessenger
SnakeGame-Project-1,https://github.com/RakibulRanak/SnakeGame-Project-1
MotoRush,https://github.com/RakibulRanak/MotoRush
SwingGuiCalcu,https://github.com/RakibulRanak/SwingGuiCalcu
OOP,https://github.com/RakibulRanak/OOP
Codes,https://github.com/RakibulRanak/Codes
wordcount,https://github.com/RakibulRanak/wordcount
Project-150-2017831005,https://github.com/RakibulRanak/Project-150-2017831005
restapidocs,https://github.com/RakibulRanak/restapidocs
Fundamentals-of-Deep-Learning-Book,https://github.com/RakibulRanak/Fundamentals-of-Deep-Learning-Book
